id,first_name,last_name,email,gender,Salary,Monthly Income
1,Hurlee,Rolfi,hrolfi0@dion.ne.jp,Male,$2631.24,$379.81
2,Lori,Todeo,ltodeo1@symantec.com,Female,$1776.46,$399.55
3,Emelyne,Barney,ebarney2@hhs.gov,Agender,$1999.92,$232.24
4,Allin,Fewings,afewings3@tmall.com,Male,$4927.03,$331.23
5,Baudoin,Duckers,bduckers4@msn.com,Male,$3798.85,$442.99
6,Elita,Imesen,eimesen5@washington.edu,Female,$2580.19,$449.42
7,Dorice,Nann,dnann6@dyndns.org,Female,$3562.17,$252.72
8,Vasilis,Appleby,vappleby7@columbia.edu,Male,$2111.87,$352.36
9,Meredithe,Cockle,mcockle8@salon.com,Polygender,$4500.31,
10,Beaufort,Kreutzer,bkreutzer9@google.de,Agender,$4177.09,
11,Mallory,Pattlel,mpattlela@icq.com,,$4676.83,$350.11
12,Fin,Haynesford,fhaynesfordb@163.com,Male,$2706.88,$335.09
13,Arty,Kestle,akestlec@amazonaws.com,Male,$3955.98,$134.98
14,Marcel,McCoy,mmccoyd@freewebs.com,,$4679.10,$438.25
15,Celestia,Mattheeuw,cmattheeuwe@auda.org.au,Female,$1187.33,$428.34
16,Bobbe,,bfurlowf@cam.ac.uk,Bigender,$4771.99,$160.43
17,Madel,Beddon,mbeddong@slate.com,Agender,$1076.87,$342.88
18,Kalli,Baversor,kbaversorh@cmu.edu,,$2264.64,$417.42
19,Muhammad,Yelden,myeldeni@arstechnica.com,Male,$1847.30,$350.14
20,Mateo,Roscow,mroscowj@nbcnews.com,Male,,$376.27
21,Zelig,Stolte,zstoltek@homestead.com,Male,$2658.76,$313.65
22,Troy,Huckabe,thuckabel@kickstarter.com,Male,$2785.59,$336.03
23,Irma,,ichoppinm@vkontakte.ru,Female,,$207.15
24,Ysabel,Giacopazzi,ygiacopazzin@shareasale.com,Female,$1281.50,
25,Lorenzo,Sweetlove,lsweetloveo@dmoz.org,Male,$3651.04,$119.01
26,Mordecai,Arch,marchp@studiopress.com,Male,$4418.95,$482.80
27,Arlene,,aclarabutq@bloglines.com,Female,$4818.33,$258.57
28,Harbert,,hcarlinr@reference.com,Male,,$481.37
29,Norman,Larder,nlarders@umich.edu,Male,,$192.04
30,Tiphany,Cluley,tcluleyt@walmart.com,Female,$3755.85,$478.26
31,Lenora,Dyter,ldyteru@goodreads.com,Female,$3660.09,$193.87
32,Bruce,,bhamblettv@fema.gov,Male,$3880.28,$455.46
33,Howey,Frye,hfryew@t-online.de,Polygender,$3869.20,$172.50
34,Yurik,Ramsey,yramseyx@census.gov,Male,$1161.82,$435.87
35,Joell,,jtebbutty@shareasale.com,Female,$3459.88,
36,Jared,Meaddowcroft,jmeaddowcroftz@mlb.com,Genderqueer,$2211.73,$142.34
37,Nataniel,Keyse,nkeyse10@hc360.com,Male,$1441.19,$271.18
38,Jennine,Bosman,jbosman11@buzzfeed.com,Female,$2444.13,$178.06
39,Benedetto,Harmston,bharmston12@japanpost.jp,Male,$2892.14,$407.98
40,Dulcy,Pocklington,dpocklington13@unblog.fr,Female,,$496.21
41,Durante,Leslie,dleslie14@pbs.org,Male,$2623.11,$248.63
42,Robbert,Poynor,rpoynor15@woothemes.com,,$4110.03,$311.60
43,Cristobal,Lowthian,clowthian16@fc2.com,Male,$4156.09,$336.62
44,Miguelita,Mackison,mmackison17@ucoz.ru,Genderqueer,,$218.52
45,Boote,Hann,bhann18@yolasite.com,Male,$1139.41,$455.31
46,Elka,Hebard,ehebard19@blog.com,Female,$4268.30,$276.67
47,Forester,Pettman,fpettman1a@redcross.org,Male,$3386.81,$382.41
48,Saunderson,Airdrie,sairdrie1b@intel.com,Agender,$1191.10,$453.72
49,Carlen,,cmaren1c@bloglines.com,Female,$1861.34,$226.48
50,Rana,Chanson,rchanson1d@twitpic.com,Female,$4564.61,$174.85
51,Wilone,Danilevich,wdanilevich1e@moonfruit.com,Female,$3364.89,$408.25
52,Carmon,Somner,csomner1f@google.nl,Female,,$375.14
53,Trumaine,Stanyland,tstanyland1g@nbcnews.com,Male,$2869.23,$234.50
54,Minnnie,Striker,mstriker1h@thetimes.co.uk,Female,$3929.82,$492.06
55,Kamilah,Holwell,kholwell1i@fda.gov,,,$287.31
56,Veronike,Lenoir,vlenoir1j@flickr.com,Female,$1524.04,$125.54
57,Dannie,Kewley,dkewley1k@slate.com,Female,$1666.49,$220.35
58,Aubrette,Grinaway,agrinaway1l@narod.ru,Female,$2934.78,$206.33
59,Zaneta,Lackemann,zlackemann1m@epa.gov,Female,$3847.83,$328.75
60,Rozamond,Croce,rcroce1n@1und1.de,,$2001.37,$234.81
61,Gustav,Apdell,gapdell1o@furl.net,Male,$1625.37,$369.43
62,Amitie,,adodworth1p@cam.ac.uk,Genderqueer,$4535.23,$169.46
63,Avivah,,aforst1q@geocities.com,Female,$2020.97,$456.60
64,Delcine,Keightley,dkeightley1r@cargocollective.com,Female,,$328.53
65,Boy,Rowler,browler1s@123-reg.co.uk,Male,$1497.29,$442.53
66,Manuel,Bogie,mbogie1t@blog.com,Male,$2711.68,$371.92
67,Sylas,Stevani,sstevani1u@cbslocal.com,Male,$2548.81,$310.85
68,Jillayne,Mularkey,jmularkey1v@google.pl,Female,$4486.03,$340.36
69,Jelene,MacGeaney,jmacgeaney1w@loc.gov,Female,$1009.31,$287.61
70,Ally,Huntingford,ahuntingford1x@mozilla.org,Female,$2961.05,$176.96
71,Danella,Dominick,ddominick1y@amazonaws.com,Female,$2183.75,$458.08
72,Justina,Brotherwood,jbrotherwood1z@slate.com,Female,$1282.26,$161.76
73,Ransom,Screech,rscreech20@deviantart.com,Male,$2867.31,
74,Georgianna,Chichgar,gchichgar21@xinhuanet.com,Female,$2872.47,
75,Bryn,Breagan,bbreagan22@php.net,Female,$1867.76,$345.13
76,Loella,,lbaus23@epa.gov,Female,$4855.93,$117.73
77,Lane,Spoole,lspoole24@github.com,Non-binary,$4246.88,$283.05
78,Grantham,Murison,gmurison25@wp.com,Male,$1492.10,$439.89
79,Mario,Banton,mbanton26@bloomberg.com,,$1457.26,$347.51
80,Darlene,Gallimore,dgallimore27@vimeo.com,,$1762.63,$288.08
81,Noble,Millson,nmillson28@qq.com,Male,$2446.52,$222.00
82,Lucais,De Filippis,ldefilippis29@cmu.edu,Male,$3885.00,$251.89
83,Matilde,Rust,mrust2a@123-reg.co.uk,Female,$1897.89,$313.18
84,Ellie,,ebernadot2b@hubpages.com,Female,$3988.22,$478.26
85,Nicolas,,nleere2c@flavors.me,Male,$2530.94,
86,Elroy,Wanjek,ewanjek2d@omniture.com,Male,$2514.60,$326.18
87,Martie,Gobel,mgobel2e@spotify.com,Male,$1606.74,$121.58
88,Dyna,Pavitt,dpavitt2f@eepurl.com,,$1882.13,
89,Louis,Madgin,lmadgin2g@livejournal.com,Male,$2807.86,$264.14
90,Konstanze,Gelletly,kgelletly2h@archive.org,Female,,$459.17
91,Thom,Jewell,tjewell2i@about.com,Male,,
92,Gusti,Gribbell,ggribbell2j@archive.org,Agender,$4125.65,
93,Loren,Murthwaite,lmurthwaite2k@tinyurl.com,Male,$3472.26,$413.97
94,Winnie,Edgworth,wedgworth2l@barnesandnoble.com,Female,$1321.96,$306.95
95,Annamarie,Amps,aamps2m@alexa.com,Female,$2951.45,$296.66
96,Steffi,Vedyashkin,svedyashkin2n@usnews.com,Female,$3862.83,$246.66
97,Nara,Moughtin,nmoughtin2o@com.com,,$1405.30,$452.62
98,Lydon,Jillis,ljillis2p@irs.gov,Male,$2071.70,$293.72
99,Che,Jiruch,cjiruch2q@intel.com,Male,$1270.59,$270.26
100,Caritta,Bolland,cbolland2r@upenn.edu,Female,$2346.21,$159.96
101,Heda,Drysdall,hdrysdall2s@stanford.edu,Female,$1638.93,$240.44
102,Verina,Mucillo,vmucillo2t@economist.com,Female,$3592.93,$235.21
103,Carolee,Critoph,ccritoph2u@cloudflare.com,Female,$1689.03,$326.42
104,Vanni,Hullin,vhullin2v@netscape.com,Female,,$240.24
105,Giselle,,gdarrell2w@state.tx.us,Female,$4153.87,$485.92
106,Lynnett,Coultas,lcoultas2x@youtu.be,Female,$4625.28,$126.68
107,Tina,,tfirmage2y@quantcast.com,,$1985.76,$237.34
108,Ertha,Stachini,estachini2z@sphinn.com,Female,$3692.56,$273.54
109,Quintana,Schole,qschole30@clickbank.net,Agender,$3577.85,
110,Jerrylee,Alleway,jalleway31@example.com,Female,$2593.02,
111,Rees,Postgate,rpostgate32@pcworld.com,Male,$2438.84,$329.28
112,Flem,Codeman,fcodeman33@creativecommons.org,Polygender,$1810.12,$383.49
113,Krishna,Gytesham,kgytesham34@microsoft.com,Male,$3677.12,$208.46
114,Blair,Margaritelli,bmargaritelli35@friendfeed.com,Male,$4914.83,$459.49
115,Mose,Christou,mchristou36@wikimedia.org,Male,$1918.40,$122.17
116,Aeriell,Peele,apeele37@fda.gov,Female,$4496.18,$329.00
117,Kathye,Dilawey,kdilawey38@technorati.com,Female,$4737.80,$396.41
118,Alexa,Blazy,ablazy39@yahoo.com,Female,$4807.28,$416.93
119,Marj,Berresford,mberresford3a@nsw.gov.au,,$3132.87,$294.37
120,Vassili,Pygott,vpygott3b@microsoft.com,Male,$4390.11,$408.61
121,Morse,Westbrook,mwestbrook3c@trellian.com,Male,$2079.80,$465.94
122,Erich,Pelzer,epelzer3d@instagram.com,Male,$3326.46,
123,Palm,Pomphrett,ppomphrett3e@army.mil,Genderfluid,$1894.19,$143.33
124,Lucas,Seden,lseden3f@sogou.com,Male,$3932.60,$138.36
125,Violetta,,vbreach3g@gizmodo.com,Female,,$346.54
126,Virgilio,Goodby,vgoodby3h@bloglines.com,Male,$4693.04,$415.43
127,Roland,Hursthouse,rhursthouse3i@1688.com,,$1016.69,$324.18
128,Belle,,bmulqueen3j@homestead.com,Female,$4997.00,$318.64
129,Regan,,rkener3k@foxnews.com,Female,$2181.89,$442.64
130,Temple,Colebourne,tcolebourne3l@github.com,Bigender,$1850.89,$380.32
131,Nehemiah,Clericoates,nclericoates3m@sphinn.com,Male,$3856.61,$288.84
132,Honoria,Struther,hstruther3n@accuweather.com,,$2805.98,$114.40
133,Matthaeus,Signorelli,msignorelli3o@opensource.org,Male,$3946.74,$111.35
134,Normy,Coulsen,ncoulsen3p@ameblo.jp,Male,$4959.59,$309.94
135,Cristina,Gehrtz,cgehrtz3q@cdc.gov,Female,$4043.19,$178.92
136,Corinne,Pheasant,cpheasant3r@blog.com,Female,$4881.86,$388.45
137,Cornelius,Cull,ccull3s@google.de,Non-binary,$3331.96,$283.79
138,Dov,Inglesfield,dinglesfield3t@zimbio.com,Male,$2281.18,
139,Porty,Stapley,pstapley3u@dropbox.com,Male,$4804.38,
140,Fredericka,Rielly,frielly3v@sbwire.com,Female,$3442.94,$336.28
141,Staci,Amburgy,samburgy3w@toplist.cz,Female,$2021.11,$189.68
142,Dian,,dwhitehurst3x@pcworld.com,Female,$2671.49,$378.12
143,Maureene,Norwell,mnorwell3y@discuz.net,Female,$4147.39,$140.71
144,Jordain,Eliaz,jeliaz3z@google.nl,Female,$1735.96,
145,Udall,Sparwell,usparwell40@ebay.com,Male,$2687.24,$260.91
146,Paloma,Littlepage,plittlepage41@mlb.com,Female,$4325.80,$273.95
147,Cherice,Gooden,cgooden42@nature.com,Genderfluid,$2798.64,$156.19
148,Sibley,Miles,smiles43@pinterest.com,Female,$4148.69,$183.67
149,Karon,Dugdale,kdugdale44@loc.gov,Non-binary,$4859.37,$167.13
150,Harbert,Macci,hmacci45@webnode.com,Male,$4207.99,$222.91
151,Vivianne,Gohn,vgohn46@diigo.com,Female,$3172.50,
152,Amara,Coddrington,acoddrington47@behance.net,Female,$2326.02,$384.74
153,Blisse,Keggins,bkeggins48@bbb.org,Female,$4685.11,$442.55
154,Witty,Trudgeon,wtrudgeon49@csmonitor.com,Male,$1598.46,$113.65
155,Gianna,Bletsor,gbletsor4a@globo.com,Female,,$232.63
156,Lissie,Symper,lsymper4b@livejournal.com,,$1442.10,$486.43
157,Noach,Hollow,nhollow4c@deliciousdays.com,Male,$2886.15,$308.65
158,Ulric,Jursch,ujursch4d@issuu.com,Male,$3776.98,$378.54
159,Tera,,tsaurin4e@msu.edu,Female,$1468.74,$271.09
160,Oates,Raoult,oraoult4f@tamu.edu,Male,$4157.37,$469.80
161,Erek,Spofford,espofford4g@com.com,Agender,$3617.32,
162,Thorpe,,tkyrkeman4h@si.edu,Male,$4949.36,$217.70
163,Devlin,Goschalk,dgoschalk4i@merriam-webster.com,Male,$2039.92,$266.32
164,Tallie,Wimp,twimp4j@themeforest.net,Female,$2790.57,$310.82
165,Robin,Mellmer,rmellmer4k@prweb.com,Polygender,$4847.77,$380.04
166,Shaine,Insoll,sinsoll4l@unesco.org,Male,$4623.84,$275.60
167,Rogerio,Lardnar,rlardnar4m@harvard.edu,Male,$3303.77,$482.69
168,Phyllys,Walles,pwalles4n@digg.com,Female,$2633.23,$111.21
169,Sharona,Tonkin,stonkin4o@merriam-webster.com,Bigender,$4667.48,$133.05
170,Willy,Verdun,wverdun4p@disqus.com,Female,$2518.80,$185.34
171,Oliy,Audritt,oaudritt4q@etsy.com,Female,$4379.06,$136.21
172,Fiorenze,Clelle,fclelle4r@google.co.uk,Female,$2777.55,$211.46
173,Rosalynd,Mawd,rmawd4s@joomla.org,Female,$2652.81,$274.16
174,Dorice,Antoniak,dantoniak4t@ucoz.ru,Female,$2431.13,$373.89
175,Wiatt,,woxenbury4u@angelfire.com,Male,$2807.65,$243.58
176,Stanfield,Larner,slarner4v@mediafire.com,,$3082.80,$442.42
177,Hallsy,Goulbourn,hgoulbourn4w@phpbb.com,Male,,$211.62
178,Lucky,Skinn,lskinn4x@cafepress.com,Female,$1523.98,
179,Faydra,Whiles,fwhiles4y@samsung.com,Female,$3961.13,$374.58
180,Zollie,Middler,zmiddler4z@edublogs.org,Male,$4729.81,$109.90
181,Marga,Shill,mshill50@sphinn.com,Polygender,$3029.62,$271.38
182,Perle,McCroft,pmccroft51@smh.com.au,Female,$3785.33,$118.42
183,Terrell,Owttrim,towttrim52@bloglovin.com,Male,$4987.23,$460.49
184,Barnebas,Balasini,bbalasini53@issuu.com,Genderfluid,$3916.89,
185,Caryl,Blastock,cblastock54@marriott.com,Female,$3936.68,
186,Carree,Fodden,cfodden55@rediff.com,Female,$2013.16,$154.21
187,Esmaria,Roloff,eroloff56@webs.com,Genderfluid,$1655.60,$267.07
188,Hertha,Tench,htench57@drupal.org,Female,$3115.65,$188.31
189,Antonie,Stockill,astockill58@apache.org,Female,$1069.41,$213.34
190,Corrie,Creane,ccreane59@cam.ac.uk,Male,$4754.40,$478.76
191,Tallulah,,twolfit5a@livejournal.com,Genderfluid,$3784.92,$487.22
192,Hanny,Habberjam,hhabberjam5b@google.ru,Female,$4093.19,$124.35
193,Charity,Witchard,cwitchard5c@msn.com,Female,$2190.11,$254.58
194,Joye,Washbrook,jwashbrook5d@meetup.com,Female,$1822.24,$291.62
195,Duky,Gladdis,dgladdis5e@tmall.com,Male,$4678.42,
196,Clementia,Strond,cstrond5f@youtu.be,Female,$2984.86,$218.03
197,Shelbi,Bassano,sbassano5g@com.com,Female,,$180.08
198,Joanie,Millwater,jmillwater5h@merriam-webster.com,Female,$2533.99,$383.02
199,Gui,Izon,gizon5i@twitpic.com,Female,,$258.00
200,Lindy,Dunks,ldunks5j@about.me,Female,$3484.71,$176.06
201,Galina,Senner,gsenner5k@gizmodo.com,Female,$3827.32,$406.63
202,Ameline,Cornu,acornu5l@slashdot.org,Female,$4212.49,$412.45
203,Rycca,Liverseege,rliverseege5m@ftc.gov,Genderfluid,$1317.66,$330.20
204,Bess,Elliker,belliker5n@trellian.com,Female,$3796.56,$123.54
205,Sydney,,smadgin5o@berkeley.edu,Genderqueer,$1900.29,$196.35
206,Mile,Cornuau,mcornuau5p@hugedomains.com,Male,$1194.64,$223.83
207,Reilly,,rlockery5q@theatlantic.com,,$2730.68,$210.48
208,Raina,Galtone,rgaltone5r@sciencedaily.com,Female,$1365.21,$358.62
209,Enrico,Mallon,emallon5s@bbc.co.uk,Male,$4348.07,$324.09
210,Harriot,McNeil,hmcneil5t@pcworld.com,Female,$3771.19,$304.35
211,Maegan,Caswill,mcaswill5u@businessweek.com,Female,$4876.89,$167.68
212,Dante,Pakeman,dpakeman5v@joomla.org,Male,$4907.91,$318.52
213,Alecia,Coultard,acoultard5w@usgs.gov,Female,$4395.13,$478.80
214,Tabor,Jennins,tjennins5x@topsy.com,Male,$3561.66,$266.61
215,Chet,Sonier,csonier5y@blog.com,Male,$3722.52,$370.42
216,Carly,Vater,cvater5z@xing.com,Male,$4469.30,$499.58
217,Sheena,Antonoczyk,santonoczyk60@cam.ac.uk,Female,,$494.43
218,Peyton,Petrashkov,ppetrashkov61@imgur.com,Male,$2405.04,$183.21
219,Bobinette,Cleall,bcleall62@chicagotribune.com,Female,$2165.34,$220.49
220,Vernor,Cave,vcave63@discuz.net,Male,$3647.28,$174.20
221,Ricard,MacIlhargy,rmacilhargy64@aol.com,Male,$2330.29,$449.88
222,Elroy,Townend,etownend65@wix.com,Male,$1620.75,$365.23
223,Fern,,fwhitters66@upenn.edu,Female,$3265.09,$220.05
224,Mohandas,Jury,mjury67@bizjournals.com,Male,$3319.25,$422.10
225,Lionel,Weightman,lweightman68@dagondesign.com,Male,$1811.75,$138.56
226,Ashely,Djurisic,adjurisic69@smh.com.au,Female,$4710.90,$136.48
227,Nickey,,nberthouloume6a@epa.gov,Male,$4547.04,$142.32
228,Rosy,Hexum,rhexum6b@xinhuanet.com,Female,$2242.01,
229,Chaddie,Brain,cbrain6c@techcrunch.com,Male,$1123.98,$260.22
230,Stormy,Somerset,ssomerset6d@spiegel.de,Female,$1758.50,
231,Haley,Merriott,hmerriott6e@comcast.net,Female,$1330.17,$179.94
232,Godfry,Diprose,gdiprose6f@si.edu,Male,$4632.39,$223.64
233,Gillian,Hackett,ghackett6g@theglobeandmail.com,Female,$3878.85,$405.33
234,Kandy,Selman,kselman6h@tiny.cc,Female,$1155.61,
235,Irving,Pendock,ipendock6i@so-net.ne.jp,,$4595.93,$193.73
236,Timmie,Pisco,tpisco6j@yandex.ru,Female,,$344.90
237,Chicky,Brucker,cbrucker6k@vkontakte.ru,Male,$3779.50,$377.33
238,Abner,McHardy,amchardy6l@instagram.com,Male,$3606.17,$425.37
239,Guthrie,Behninck,gbehninck6m@symantec.com,Male,$2992.85,$164.57
240,Maurise,Lauritsen,mlauritsen6n@washingtonpost.com,Male,$2991.49,$310.21
241,Payton,Stroban,pstroban6o@mit.edu,Male,$4044.56,$111.60
242,Rubi,Eidler,reidler6p@angelfire.com,Female,$2225.23,$109.69
243,Murdoch,Redbourn,mredbourn6q@t-online.de,Male,$1880.43,$197.53
244,Kristopher,Ballinghall,kballinghall6r@rediff.com,Male,$3774.49,$412.89
245,Madeleine,Bridle,mbridle6s@flavors.me,Female,$4058.67,$396.74
246,Kamila,,kmcdermottrow6t@bloglovin.com,Female,,$252.72
247,Ingeberg,Caruth,icaruth6u@sourceforge.net,Genderfluid,$2127.87,$378.11
248,Valina,Ralestone,vralestone6v@census.gov,Bigender,,$256.49
249,Caprice,Imlock,cimlock6w@i2i.jp,Female,$4111.38,$217.08
250,Chico,Clabburn,cclabburn6x@xinhuanet.com,Male,,$102.05
251,Susann,O'Grada,sograda6y@tuttocitta.it,Female,$4585.31,$444.43
252,Kimbra,Stearn,kstearn6z@360.cn,Polygender,$4145.73,$223.61
253,Wendy,Lippiatt,wlippiatt70@vkontakte.ru,Female,,$447.33
254,Mort,Carrel,mcarrel71@mit.edu,,$2026.78,$289.17
255,Vikki,Vango,vvango72@sbwire.com,Polygender,$2901.43,$194.20
256,Luce,Jannaway,ljannaway73@sciencedirect.com,Male,$4399.18,$277.53
257,Cinnamon,Scirman,cscirman74@stanford.edu,Female,$2646.53,
258,Freeman,Saines,fsaines75@google.de,Male,$2989.45,$313.78
259,Ashby,Delcastel,adelcastel76@youku.com,Male,$4152.93,
260,Kinny,,khitcham77@networkadvertising.org,Male,$4315.64,$364.03
261,Tuck,Cockley,tcockley78@last.fm,Male,,$349.60
262,Dorita,Fassum,dfassum79@microsoft.com,Genderfluid,$4833.37,$470.98
263,Lottie,Morrow,lmorrow7a@zdnet.com,Genderfluid,$3798.34,
264,Emmeline,Caldwall,ecaldwall7b@tripod.com,,$4479.76,$465.30
265,Charmain,Denholm,cdenholm7c@howstuffworks.com,Female,$4743.73,
266,Lin,Hammer,lhammer7d@opensource.org,Agender,$4108.77,$462.60
267,Reyna,Ryde,rryde7e@clickbank.net,,$3282.40,$252.46
268,Mag,Stanners,mstanners7f@ifeng.com,Female,$3075.51,$222.24
269,Ailyn,,abaynes7g@webeden.co.uk,Female,$1529.30,$355.67
270,Alberik,Videler,avideler7h@seesaa.net,Male,$1907.16,$112.48
271,Florina,Lundbech,flundbech7i@apache.org,Female,$3539.43,$474.11
272,Blondell,MacLese,bmaclese7j@weebly.com,Female,,
273,Shaine,Barribal,sbarribal7k@addtoany.com,Female,$2216.79,$139.66
274,Matthus,Westmorland,mwestmorland7l@nifty.com,Male,$3943.40,$412.90
275,Meredeth,Clemencon,mclemencon7m@mlb.com,Male,$3512.34,$114.88
276,Melisande,Threadgill,mthreadgill7n@cdbaby.com,Female,$1419.56,$491.80
277,Walker,Pepineaux,wpepineaux7o@ox.ac.uk,Male,$2593.35,$279.00
278,Chrotoem,Rawsen,crawsen7p@indiatimes.com,Male,,$425.96
279,Brion,Jentle,bjentle7q@discuz.net,Male,$2341.21,$212.08
280,Timoteo,Labro,tlabro7r@360.cn,Male,$4221.55,$360.31
281,Rutledge,,rklaves7s@squarespace.com,Male,$3536.24,$428.26
282,Ced,Liggins,cliggins7t@census.gov,Male,$4983.33,$219.08
283,Nikaniki,Rammell,nrammell7u@sogou.com,Female,$3960.51,$214.37
284,Morlee,Brewis,mbrewis7v@theguardian.com,Male,$3868.40,$396.51
285,Bengt,Woliter,bwoliter7w@blogtalkradio.com,Male,$3787.69,$163.43
286,Carilyn,,cturfs7x@google.com,Female,$3162.49,$345.31
287,Lynnet,Searjeant,lsearjeant7y@umich.edu,Female,$3775.85,$175.07
288,Quinlan,Erie,qerie7z@last.fm,Male,$4449.03,$309.84
289,Laina,Culver,lculver80@com.com,Female,$3836.10,$267.95
290,Valeda,Card,vcard81@artisteer.com,Agender,$2758.31,$242.22
291,Odelinda,Brisland,obrisland82@simplemachines.org,Female,$3832.69,$193.94
292,Haven,Abrami,habrami83@vistaprint.com,Male,$3228.64,$369.34
293,Blanche,Zecchinelli,bzecchinelli84@newsvine.com,Female,$2117.98,$143.40
294,Blaine,Dils,bdils85@businessinsider.com,Male,$4125.86,$165.94
295,Wilden,Cruxton,wcruxton86@fda.gov,Male,$4383.78,
296,Essy,Hankard,ehankard87@jigsy.com,Female,$2771.18,$372.91
297,Zach,Brou,zbrou88@ucsd.edu,Male,,$228.23
298,Cazzie,Oakey,coakey89@wikia.com,Male,$4954.97,$119.43
299,Dorette,Jeandillou,djeandillou8a@marriott.com,Female,$4630.88,
300,Anny,Lawless,alawless8b@jugem.jp,Female,$3323.08,
301,Tremayne,Kinch,tkinch8c@i2i.jp,Male,$2722.96,$395.12
302,Nicoline,,nmcneish8d@statcounter.com,,$3278.69,$394.68
303,Allegra,Yanne,ayanne8e@hugedomains.com,Female,$4015.81,$428.92
304,Tina,Ruggieri,truggieri8f@icio.us,Female,$2684.81,$300.02
305,Brendin,Thams,bthams8g@ucla.edu,Male,$4397.83,$108.21
306,Ravi,Cheke,rcheke8h@pbs.org,Male,,$412.24
307,Iosep,,iritchard8i@intel.com,Male,$4394.63,$308.58
308,Brockie,Gorcke,bgorcke8j@lycos.com,Male,$4653.80,
309,Sada,Hatton,shatton8k@dyndns.org,Female,$4607.29,$298.66
310,Clareta,Fenck,cfenck8l@123-reg.co.uk,,$3146.86,$442.77
311,Dieter,Ovington,dovington8m@nih.gov,Bigender,$1340.34,
312,Morgan,Chateau,mchateau8n@stanford.edu,Male,,$449.16
313,Raffarty,Alvaro,ralvaro8o@hubpages.com,Male,$4453.64,$292.59
314,Abigale,Arnaut,aarnaut8p@biglobe.ne.jp,Non-binary,$3890.41,$183.99
315,Adeline,Fevers,afevers8q@yelp.com,Female,$2239.17,$475.87
316,Isador,Faughnan,ifaughnan8r@imgur.com,Male,$2078.65,$426.84
317,Roseanne,Truce,rtruce8s@blogtalkradio.com,Female,,$178.97
318,Layla,Domonkos,ldomonkos8t@miibeian.gov.cn,,$4711.26,$148.99
319,Spense,Crowch,scrowch8u@slashdot.org,Male,$4458.43,$143.42
320,Gwynne,Brettle,gbrettle8v@sciencedirect.com,Female,$4291.28,$397.63
321,Rudolf,Woodbridge,rwoodbridge8w@people.com.cn,Male,$1583.83,$323.40
322,Rosamund,,rfowley8x@pcworld.com,Female,$3047.43,$310.40
323,Kayne,,kmealand8y@sogou.com,Male,,$153.80
324,Willdon,Malyan,wmalyan8z@histats.com,,,$289.21
325,Maureen,Kerne,mkerne90@sina.com.cn,Female,$3403.44,$275.37
326,Thornie,Bontein,tbontein91@miitbeian.gov.cn,Male,$2795.56,
327,Anne-corinne,,aemeney92@shinystat.com,Female,$2082.21,$142.57
328,Jethro,Fivey,jfivey93@state.gov,Male,,$168.45
329,Nikkie,Caistor,ncaistor94@taobao.com,Female,$4287.56,$436.65
330,Wilton,Duggen,wduggen95@icq.com,Male,$3055.07,$356.89
331,Norri,Linder,nlinder96@nbcnews.com,Agender,$1090.88,
332,Jase,Piddock,jpiddock97@jigsy.com,Male,$3719.21,$498.38
333,Des,,drobak98@independent.co.uk,Male,$4786.85,
334,Grethel,Veldens,gveldens99@yale.edu,Female,$4688.61,$145.77
335,Danell,Tace,dtace9a@smh.com.au,Female,$3526.17,$419.64
336,Tab,Wethered,twethered9b@dmoz.org,Male,$1228.58,
337,Phyllida,Elvish,pelvish9c@github.io,Female,,$339.54
338,Shamus,Clem,sclem9d@cnet.com,Male,$3614.01,
339,Byrle,Servis,bservis9e@google.cn,Male,,$294.43
340,Sig,,sreadwood9f@adobe.com,Male,$3945.18,$192.83
341,Warden,Pound,wpound9g@cbc.ca,Male,$2987.92,$192.45
342,Debi,Crackel,dcrackel9h@disqus.com,Female,$4748.18,
343,Delly,Menere,dmenere9i@devhub.com,Female,$1124.17,$152.58
344,Mark,Ciccottini,mciccottini9j@nymag.com,Male,$1583.51,
345,Berti,Gellibrand,bgellibrand9k@webnode.com,Female,$1150.82,
346,Yardley,Breckenridge,ybreckenridge9l@prnewswire.com,Male,$2541.01,$105.46
347,Cyndia,Tomashov,ctomashov9m@bloglines.com,Female,$3164.21,$458.94
348,Suzi,Swate,sswate9n@google.ru,,$1162.49,$363.25
349,Tiff,Terzza,tterzza9o@friendfeed.com,Female,$4229.51,
350,Shani,Burhill,sburhill9p@lulu.com,Polygender,$1240.67,$407.49
351,Saul,Ericssen,sericssen9q@tripadvisor.com,Male,$4529.85,$446.43
352,Moise,Talton,mtalton9r@amazon.com,,$1572.74,$216.11
353,Eran,Burchell,eburchell9s@fastcompany.com,Female,$1710.75,$339.42
354,Court,Yanov,cyanov9t@netlog.com,Male,$1743.64,
355,Sean,Cariss,scariss9u@army.mil,Male,$4949.56,$482.62
356,Kyle,,kwanklyn9v@ucsd.edu,Male,$4090.97,$435.02
357,Valera,Hubble,vhubble9w@google.de,Non-binary,$4438.19,$112.16
358,Deny,Duchant,dduchant9x@livejournal.com,,,$499.89
359,Carney,Lasselle,classelle9y@netscape.com,Male,$2834.05,$402.42
360,Shepherd,Colly,scolly9z@nbcnews.com,Male,$3783.27,$478.32
361,Nowell,Orta,nortaa0@gizmodo.com,Male,,$105.27
362,Jeffry,Houlridge,jhoulridgea1@skype.com,Male,$2162.81,$266.20
363,Evelyn,Tolworthy,etolworthya2@csmonitor.com,Male,$2144.27,$224.44
364,Renard,,rlitzmanna3@imdb.com,Male,,$235.14
365,Bari,Soane,bsoanea4@slashdot.org,,$3958.71,
366,Bailey,Severns,bsevernsa5@skyrock.com,Male,$4468.99,$420.62
367,Terencio,Kemish,tkemisha6@hostgator.com,Male,$3123.11,$260.25
368,Schuyler,Warr,swarra7@ucoz.com,,$4884.68,$429.68
369,Jourdan,Vuitte,jvuittea8@tmall.com,,$4140.63,$485.15
370,Nertie,Milburn,nmilburna9@geocities.com,Female,$3009.12,$462.32
371,Maure,,mfrackiewiczaa@elpais.com,Female,$4665.18,$461.94
372,Brok,Giraldez,bgiraldezab@youku.com,Male,$2017.58,$392.68
373,Earle,Georgot,egeorgotac@skype.com,Male,,$262.36
374,Peyton,Tupman,ptupmanad@reverbnation.com,Male,$3528.24,$402.67
375,Grier,McMorran,gmcmorranae@google.es,,$2176.33,$218.44
376,Ernaline,Van den Oord,evandenoordaf@sourceforge.net,Female,$1639.98,$470.90
377,Godfree,Pulham,gpulhamag@un.org,Male,,$182.09
378,Donal,Galtone,dgaltoneah@pagesperso-orange.fr,Male,$1238.37,$340.08
379,Cathe,Woan,cwoanai@nyu.edu,Female,$1204.71,$234.86
380,Marlow,Ondrak,mondrakaj@nbcnews.com,,$3817.02,$496.64
381,Gratia,Soars,gsoarsak@dion.ne.jp,Female,$1969.21,$455.72
382,Bent,Jerrams,bjerramsal@statcounter.com,Male,$1846.79,$356.68
383,Jermain,,jdeloucham@lycos.com,Male,$4971.77,$168.88
384,Engracia,Stratz,estratzan@google.com,Female,$1150.58,$181.00
385,Guenna,Tiffney,gtiffneyao@etsy.com,Polygender,$4367.23,$422.54
386,Yehudit,Grimmer,ygrimmerap@wp.com,Male,,$192.77
387,Deane,Wittke,dwittkeaq@alexa.com,Female,$3015.27,$430.62
388,Rodney,Tamas,rtamasar@jalbum.net,Male,$2771.73,$330.90
389,Leda,Pree,lpreeas@reverbnation.com,Female,$3184.98,$225.59
390,Meryl,Rablan,mrablanat@apple.com,Genderfluid,$2776.15,
391,Garrot,Quaif,gquaifau@booking.com,Male,$3675.59,$345.91
392,Farra,Grigaut,fgrigautav@businesswire.com,Female,$3700.40,$292.82
393,Emmeline,Sharman,esharmanaw@liveinternet.ru,Female,$2179.82,$258.12
394,Flore,Spencers,fspencersax@qq.com,Agender,$2700.35,
395,Orly,Benza,obenzaay@list-manage.com,Female,$4377.96,
396,Dolorita,Entwistle,dentwistleaz@youtu.be,Female,$2079.40,$459.24
397,Gabriello,Maggorini,gmaggorinib0@independent.co.uk,Male,$2609.64,$498.93
398,Maribelle,Heimann,mheimannb1@canalblog.com,Female,$2032.28,$354.64
399,Hermina,Robertsson,hrobertssonb2@cargocollective.com,,$3926.39,$206.72
400,Saraann,Lawler,slawlerb3@noaa.gov,,$3196.73,$421.41
401,Gardie,Swaddle,gswaddleb4@infoseek.co.jp,Male,$4062.10,$237.26
402,Aubrey,MacIlhargy,amacilhargyb5@mtv.com,Male,$3070.27,$120.78
403,Salim,Meynell,smeynellb6@plala.or.jp,Male,$1388.51,$331.51
404,Hewitt,Egel,hegelb7@livejournal.com,Male,$3222.26,
405,Yoshiko,Josland,yjoslandb8@constantcontact.com,Female,$2907.93,$207.59
406,Isadora,,ifransecob9@hatena.ne.jp,,$2066.26,$345.78
407,Stuart,Kees,skeesba@comcast.net,Male,$1978.56,$485.88
408,Geoffrey,Reedy,greedybb@seesaa.net,Male,$3251.68,$434.87
409,Edgardo,Kayes,ekayesbc@shop-pro.jp,Male,$4556.86,$235.74
410,Rogers,Aldrin,raldrinbd@pen.io,,$2271.93,$231.37
411,Mariquilla,Rugieri,mrugieribe@bbc.co.uk,Female,$3944.64,$358.64
412,Viki,Jeaneau,vjeaneaubf@whitehouse.gov,Female,$2042.08,$396.54
413,Fee,Rogerson,frogersonbg@gnu.org,Male,$2784.50,$236.89
414,Peder,,pmckevinbh@blogtalkradio.com,Male,$1341.56,$422.53
415,Brooke,Oades,boadesbi@unblog.fr,Female,$2751.75,
416,Ernie,Cordobes,ecordobesbj@flickr.com,Agender,$2033.94,
417,Daveen,,dfarquharbk@yahoo.co.jp,Female,$2047.62,$482.44
418,Kevan,Stains,kstainsbl@cornell.edu,Male,$3109.13,$236.47
419,Pammie,Bowman,pbowmanbm@barnesandnoble.com,Female,,$313.21
420,Lise,Seear,lseearbn@unblog.fr,Female,$1889.25,$264.76
421,Faustina,Anthonies,fanthoniesbo@hatena.ne.jp,Female,$2260.20,$317.67
422,Berty,Leigh,bleighbp@skyrock.com,Female,$4181.18,$222.91
423,Nell,Liger,nligerbq@feedburner.com,Female,$2236.07,
424,Kerrie,Lanphere,klanpherebr@bloomberg.com,,$4398.89,$388.02
425,Perkin,Fosken,pfoskenbs@marketwatch.com,Male,$4413.40,$154.41
426,Devina,,dwasbroughbt@reddit.com,Genderfluid,$4526.27,$110.89
427,Randolph,Burge,rburgebu@stanford.edu,Male,$1279.30,$173.74
428,Tiphani,Fitzer,tfitzerbv@washingtonpost.com,Female,$3502.41,
429,Chrystal,Ferreira,cferreirabw@nyu.edu,Female,$1266.53,$133.46
430,Gordy,,glinklaterbx@whitehouse.gov,Male,$2514.58,$450.79
431,Denny,Clemetts,dclemettsby@umich.edu,Male,$2687.24,$371.19
432,Nadya,Bamblett,nbamblettbz@live.com,Bigender,$4684.30,$499.54
433,Alexina,,akleemanc0@barnesandnoble.com,Female,$2337.71,$189.87
434,Darnell,Figgs,dfiggsc1@domainmarket.com,Male,$3653.27,
435,Ag,Harden,ahardenc2@dyndns.org,Female,,$478.69
436,Barbe,Hasney,bhasneyc3@printfriendly.com,Female,$2964.70,$354.52
437,Archie,Sutty,asuttyc4@zdnet.com,Male,$1282.36,
438,Elwira,Kezourec,ekezourecc5@bbb.org,Female,$2763.38,$312.40
439,Denver,Spatig,dspatigc6@ihg.com,Male,$3952.30,$424.59
440,Kirstyn,,kdetocquevillec7@pen.io,Female,$2730.42,$323.12
441,Elisha,Midden,emiddenc8@foxnews.com,Female,$1098.53,$415.26
442,Carmella,Oki,cokic9@usgs.gov,Female,$3933.04,$276.79
443,Abigail,Pirdy,apirdyca@dailymotion.com,Female,$1175.70,$123.34
444,Patric,Millam,pmillamcb@bloglovin.com,Male,,$486.77
445,Anatollo,Swateridge,aswateridgecc@mtv.com,Male,$1244.08,$286.00
446,Ode,Allston,oallstoncd@fda.gov,Male,,$493.25
447,Andreas,Tomas,atomasce@ycombinator.com,,$3574.54,$255.81
448,Velvet,,vgedneycf@umn.edu,Female,$4752.42,$148.82
449,Carleen,Hammersley,chammersleycg@tumblr.com,Female,$1744.93,$423.38
450,Elane,,egiacomich@twitter.com,Agender,$1492.49,
451,Edna,Meek,emeekci@bravesites.com,Female,$1073.83,$176.64
452,Sylas,Divine,sdivinecj@google.fr,Genderfluid,$2296.16,$396.27
453,Robinson,Terzo,rterzock@1688.com,Agender,$2417.48,$340.93
454,Giulio,Turrill,gturrillcl@patch.com,Male,$3119.24,$119.84
455,Blanca,Crispin,bcrispincm@rediff.com,Female,$4712.89,
456,Field,MacMenemy,fmacmenemycn@intel.com,Male,,$336.84
457,Julieta,Treleaven,jtreleavenco@ebay.co.uk,Female,$1644.69,$216.96
458,Lemmy,Ranstead,lransteadcp@shop-pro.jp,Non-binary,$1501.57,$340.85
459,Barclay,Raoux,braouxcq@trellian.com,Male,$4379.79,$270.16
460,Rockie,Melding,rmeldingcr@xing.com,Male,,$301.70
461,Zaria,Fitchett,zfitchettcs@google.com,Non-binary,$2632.12,$109.06
462,Mufinella,,marchct@lycos.com,,$2101.03,$365.71
463,Tildi,Reppaport,treppaportcu@plala.or.jp,Female,$2141.32,$274.93
464,Samuele,Wainer,swainercv@symantec.com,Male,$1464.20,$182.20
465,Allister,Syddie,asyddiecw@facebook.com,Male,$4449.19,
466,Nicol,Grishaev,ngrishaevcx@liveinternet.ru,Agender,$2426.53,
467,Lin,,lquiddihycy@wikispaces.com,Male,$1782.38,
468,Neale,Jarratt,njarrattcz@seattletimes.com,Male,$3452.98,$274.91
469,Evvie,Praundl,epraundld0@engadget.com,Genderfluid,,$485.70
470,Jeanna,Cestard,jcestardd1@cornell.edu,Polygender,$4975.37,$324.57
471,Marsh,,maddekind2@reuters.com,,$4639.34,$419.04
472,Daphene,Prendiville,dprendivilled3@nyu.edu,Female,$2333.67,$172.57
473,Ashley,,asanperd4@unblog.fr,Female,$2035.76,$290.32
474,Addie,Pomfrett,apomfrettd5@dot.gov,Male,$3941.50,
475,Vito,,vjupped6@reverbnation.com,,$2808.83,$470.01
476,Roderigo,,rofihilyd7@netvibes.com,Male,$4782.10,$419.25
477,Pat,Frewer,pfrewerd8@wufoo.com,Female,$3695.34,$394.29
478,Thomasine,Yakebowitch,tyakebowitchd9@eventbrite.com,Female,$3193.69,
479,Bernadina,Viant,bviantda@patch.com,Female,$4197.90,$391.27
480,Janith,Swiffan,jswiffandb@creativecommons.org,Female,$2177.76,$296.47
481,Letty,Samways,lsamwaysdc@csmonitor.com,Female,$2055.76,$268.56
482,Shana,Dalwood,sdalwooddd@stanford.edu,Female,$4673.90,
483,Emlyn,Goulbourne,egoulbournede@tmall.com,,$3825.20,$216.54
484,Stillman,,sgarlingedf@tripod.com,Male,,
485,Burlie,Littell,blittelldg@mlb.com,Male,$1514.90,$223.12
486,Alexandr,Clarkin,aclarkindh@mashable.com,Male,$4091.65,
487,Bord,Saffe,bsaffedi@ovh.net,Male,$1878.00,$158.07
488,Arleen,Bulmer,abulmerdj@aol.com,Female,$4088.44,$411.17
489,Nola,Vanichkov,nvanichkovdk@sun.com,Female,$2669.37,$391.71
490,Pam,Bownas,pbownasdl@vimeo.com,Female,,$474.97
491,Garrard,Llorente,gllorentedm@lulu.com,Male,$1136.60,$428.90
492,Evanne,Hele,eheledn@foxnews.com,Female,$3078.79,$177.19
493,Lucinda,Toseland,ltoselanddo@taobao.com,,$4991.03,$116.49
494,Kerry,Mealand,kmealanddp@aol.com,Male,,$283.36
495,Christiane,Olivi,colividq@goo.ne.jp,Female,$4732.65,
496,Maxy,Croneen,mcroneendr@miitbeian.gov.cn,Male,$2778.52,
497,Moritz,Donoher,mdonoherds@tmall.com,Male,$2571.76,$424.70
498,Maxy,,maveraydt@amazon.co.jp,Male,$4267.54,$222.56
499,Darb,Bingell,dbingelldu@smugmug.com,Polygender,$3231.08,$417.04
500,Lorita,Perocci,lperoccidv@phoca.cz,Female,$4025.33,$155.56
